{
    "theme": {
        "body": {
            "backgroundColor": "rgba(236, 239, 241, 1)",
            "image": "rayures-grises.png",
            "imageAttachment": "scroll",
            "imagePosition": "top center",
            "imageRepeat": "repeat",
            "imageSize": "auto",
            "toTopbackgroundColor": "rgba(33, 34, 35, .8)",
            "toTopColor": "rgba(255, 255, 255, 1)"
        },
        "footer": {
            "backgroundColor": "rgba(255, 189, 0, 1)",
            "copyrightAlign": "right",
            "height": "5px",
            "loginLink": "1",
            "margin": true,
            "position": "site",
            "fixed": false,
            "socialsAlign": "center",
            "text": "<p>Pied de page personnalis\u0026eacute;<\/p>",
            "textAlign": "left",
            "textColor": "rgba(0, 63, 134, 1)",
            "copyrightPosition": "right",
            "textPosition": "left",
            "socialsPosition": "center",
            "textTransform": "none",
            "font": "Open+Sans",
            "fontSize": ".8em",
            "fontWeight": "normal",
            "displayVersion": true,
            "displaySiteMap": true,
            "displayCopyright": false,
            "displayCookie": false,
            "displayLegal": false,
            "displaySearch": false,
            "displayMemberBar": false,
            "template": "3"
        },
        "header": {
            "backgroundColor": "rgba(255, 208, 73, 1)",
            "font": "Oswald",
            "fontSize": "2em",
            "fontWeight": "normal",
            "height": "200px",
            "wide": "container",
            "image": "banniere960.jpg",
            "imagePosition": "center center",
            "imageRepeat": "no-repeat",
            "margin": false,
            "position": "site",
            "textAlign": "center",
            "textColor": "rgba(255, 255, 255, 1)",
            "textHide": false,
            "textTransform": "none",
            "linkHomePage": true,
            "imageContainer": "cover",
            "tinyHidden": true,
            "feature": "feature",
            "featureContent": "<div class=\"row\">\r\n<div class=\"col10\">\r\n<h1 class=\"col10 textAlignCenter\"><span style=\"font-size: 24pt;\">Zwii, le CMS\u0026nbsp;pour bien d\u0026eacute;buter<\/span><\/h1>\r\n<h2 class=\"col10 textAlignCenter\">L'outil de cr\u0026eacute;ation de site web l\u0026eacute;ger et intuitif.<br \/>Installation rapide, prise en main facile et le plein de fonctionnalit\u0026eacute;s !<\/h2>\r\n<\/div>\r\n<div class=\"col2\">\r\n<p><img src=\"site\/file\/source\/zwii-iisocial-fondneutre-2022.png\" alt=\"\" style=\"float: right;\" width=\"180\" height=\"180\" \/><\/p>\r\n<\/div>\r\n<\/div>"
        },
        "menu": {
            "backgroundColor": "rgba(0, 63, 134, 1)",
            "backgroundColorSub": "rgba(0, 63, 134, 1)",
            "font": "Fira+Sans",
            "fontSize": "1.1em",
            "fontWeight": "normal",
            "height": "15px 10px",
            "wide": "container",
            "loginLink": false,
            "margin": false,
            "position": "site-second",
            "textAlign": "left",
            "textColor": "rgba(255, 255, 255, 1)",
            "textTransform": "none",
            "fixed": false,
            "activeColorAuto": true,
            "activeColor": "rgba(255, 255, 255, 1)",
            "activeTextColor": "rgba(255, 255, 255, 1)",
            "radius": "0px",
            "burgerTitle": false,
            "memberBar": true,
            "burgerLogo": "",
            "burgerContent": "title"
        },
        "site": {
            "backgroundColor": "rgba(255, 255, 255, 1)",
            "radius": "5px",
            "shadow": "0px",
            "width": "1170px",
            "margin": false
        },
        "block": {
            "backgroundColor": "rgba(236, 239, 241, 1)",
            "borderColor": "rgba(236, 239, 241, 1)"
        },
        "text": {
            "font": "Droid+Serif",
            "fontSize": "14px",
            "textColor": "rgba(33, 34, 35, 1)",
            "linkColor": "rgba(0, 63, 134, 1)"
        },
        "title": {
            "font": "Fira+Sans",
            "textColor": "rgba(0, 63, 134, 1)",
            "fontWeight": "normal",
            "textTransform": "none"
        },
        "button": {
            "backgroundColor": "rgba(0, 63, 134, 1)"
        },
        "version": 0
    }
}