{
    "theme": {
        "body": {
            "backgroundColor": "rgba(20, 21, 26, 1)",
            "image": "",
            "imageAttachment": "scroll",
            "imagePosition": "top center",
            "imageRepeat": "no-repeat",
            "imageSize": "auto",
            "toTopbackgroundColor": "rgba(33, 34, 35, 0.8)",
            "toTopColor": "rgba(255, 255, 255, 1)"
        },
        "footer": {
            "backgroundColor": "rgba(255, 255, 255, 1)",
            "font": "Open+Sans",
            "fontSize": ".8em",
            "fontWeight": "normal",
            "height": "5px",
            "loginLink": true,
            "margin": true,
            "position": "site",
            "textColor": "rgba(33, 34, 35, 1)",
            "copyrightPosition": "right",
            "copyrightAlign": "right",
            "text": "<p>Pied de page personnalisé<\/p>",
            "textPosition": "left",
            "textAlign": "left",
            "textTransform": "none",
            "socialsPosition": "center",
            "socialsAlign": "center",
            "displayVersion": true,
            "displaySiteMap": true,
            "displayCopyright": false,
            "displayLegal": false,
            "displaySearch": false,
            "displayMemberBar": false,
            "template": "3"
        },
        "header": {
            "backgroundColor": "rgba(32, 59, 82, 1)",
            "font": "Oswald",
            "fontSize": "2em",
            "fontWeight": "normal",
            "height": "150px",
            "image": "banniere_black.jpg",
            "imagePosition": "center center",
            "imageRepeat": "no-repeat",
            "margin": false,
            "position": "site",
            "textAlign": "right",
            "textColor": "rgba(234, 128, 10, 1)",
            "textHide": false,
            "textTransform": "none",
            "linkHomePage": true,
            "imageContainer": "auto auto"
        },
        "menu": {
            "backgroundColor": "rgba(20, 21, 26, 1)",
            "backgroundColorSub": "rgba(20, 21, 26, 0.78)",
            "font": "Open+Sans",
            "fontSize": "1em",
            "fontWeight": "normal",
            "height": "10px",
            "loginLink": false,
            "margin": false,
            "position": "site-first",
            "textAlign": "center",
            "textColor": "rgba(234, 128, 10, 1)",
            "textTransform": "none",
            "fixed": false,
            "activeColorAuto": false,
            "activeColor": "rgba(20, 21, 26, 0.78)",
            "activeTextColor": "rgba(234, 128, 10, 1)",
            "radius": "0px",
            "burgerTitle": true,
            "memberBar": true
        },
        "site": {
            "backgroundColor": "rgba(255, 255, 255, 1)",
            "radius": "0px",
            "shadow": "0px",
            "width": "960px",
            "margin": false
        },
        "block": {
            "backgroundColor": "rgba(236, 239, 241, 1)",
            "borderColor": "rgba(236, 239, 241, 1)"
        },
        "text": {
            "font": "Open+Sans",
            "fontSize": "13px",
            "textColor": "rgba(33, 34, 35, 1)",
            "linkColor": "rgba(234, 128, 10, 1)"
        },
        "title": {
            "font": "Oswald",
            "textColor": "rgba(234, 128, 10, 1)",
            "fontWeight": "normal",
            "textTransform": "none"
        },
        "button": {
            "backgroundColor": "rgba(234, 128, 10, 1)"
        },
        "version": 0
    }
}