{
    "theme": {
        "body": {
            "backgroundColor": "rgba(253, 254, 255, 1)",
            "image": "",
            "imageAttachment": "scroll",
            "imagePosition": "top center",
            "imageRepeat": "no-repeat",
            "imageSize": "auto",
            "toTopbackgroundColor": "rgba(24, 119, 242, 1)",
            "toTopColor": "rgba(255, 255, 255, 1)"
        },
        "footer": {
            "backgroundColor": "rgba(255, 255, 255, 1)",
            "copyrightAlign": "right",
            "height": "5px",
            "loginLink": "1",
            "margin": true,
            "position": "hide",
            "fixed": false,
            "socialsAlign": "center",
            "text": "<p>Pied de page personnalis\u0026eacute;<\/p>",
            "textAlign": "left",
            "textColor": "rgba(33, 34, 35, 1)",
            "copyrightPosition": "right",
            "textPosition": "left",
            "socialsPosition": "center",
            "textTransform": "none",
            "font": "Open+Sans",
            "fontSize": ".8em",
            "fontWeight": "normal",
            "displayVersion": true,
            "displaySiteMap": true,
            "displayCopyright": false,
            "displayLegal": false,
            "displaySearch": false,
            "displayMemberBar": false,
            "template": "3"
        },
        "header": {
            "backgroundColor": "rgba(32, 59, 82, 1)",
            "font": "Oswald",
            "fontSize": "2em",
            "fontWeight": "normal",
            "height": "150px",
            "image": "",
            "imagePosition": "center center",
            "imageRepeat": "no-repeat",
            "margin": false,
            "position": "hide",
            "textAlign": "center",
            "textColor": "rgba(255, 255, 255, 1)",
            "textHide": false,
            "textTransform": "none",
            "linkHomePage": true,
            "imageContainer": "auto auto"
        },
        "menu": {
            "backgroundColor": "rgba(24, 119, 242, 1)",
            "backgroundColorSub": "rgba(24, 119, 242, 0.93)",
            "font": "Roboto",
            "fontSize": "1.2em",
            "fontWeight": "bold",
            "height": "20px 15px",
            "loginLink": true,
            "margin": false,
            "position": "top",
            "textAlign": "left",
            "textColor": "rgba(255, 255, 255, 1)",
            "textTransform": "none",
            "fixed": true,
            "activeColorAuto": true,
            "activeColor": "rgba(255, 255, 255, 1)",
            "activeTextColor": "rgba(255, 255, 255, 1)",
            "radius": "0px",
            "burgerTitle": true,
            "memberBar": true
        },
        "site": {
            "backgroundColor": "rgba(255, 255, 255, 1)",
            "radius": "0px",
            "shadow": "0px",
            "width": "100%",
            "margin": true
        },
        "block": {
            "backgroundColor": "rgba(236, 239, 241, 1)",
            "borderColor": "rgba(236, 239, 241, 1)"
        },
        "text": {
            "font": "Roboto",
            "fontSize": "14px",
            "textColor": "rgba(33, 34, 35, 1)",
            "linkColor": "rgba(24, 119, 242, 1)"
        },
        "title": {
            "font": "Roboto",
            "textColor": "rgba(24, 119, 242, 1)",
            "fontWeight": "normal",
            "textTransform": "none"
        },
        "button": {
            "backgroundColor": "rgba(24, 119, 242, 1)"
        },
        "version": 0
    }
}