{
    "Se déconnecter ?" : "",
    "Mettre à jour ?" : "",
    "Confirmez-vous la suppression de cette page ?" : "",
    "Format incorrect" : "",
    "Les modifications que vous avez apportées ne seront peut-être pas enregistrées." : "",
    "Oui" : "",
    "Non" : "",
    "Identifiant" : "",
    "Mot de passe" : "",
    "Confirmation" : "",
    "Adresse mail" : "",
    "Prénom" : "",
    "Nom" : "",
    "Ne pas charger l'exemple de site (utilisateurs avancés)": "",
    "Type de proxy" : "",
    "Adresse du proxy" : "",
    "Port du proxy" : "",
    "Thème" : "",
    "Installer" : "",
    "Consulter l\/'aide en ligne": "",
    "favicon.ico": "",
    "Pensez à supprimer le cache de votre navigateur si la favicon ne change pas.": "",
    "faviconDark.ico": "",
    "Sélectionnez une icône adaptée à un thème sombre.<br>Pensez à supprimer le cache de votre navigateur si la favicon ne change pas.": "",
    "Fuseau horaire": "",
    "Le fuseau horaire est utile au bon référencement": "",
    "Message de consentement aux cookies": "",
    "Activation obligatoire selon les lois françaises sauf si vous utilisez votre propre système de consentement.": "",
    "Apache URL intelligentes": "",
    "Supprime le point d\/'interrogation dans les URL, l\/'option est indisponible avec les autres serveurs Web": "",
    "Rechercher une mise à jour en ligne": "",
    "La vérification est quotidienne. Option désactivée si la configuration du serveur ne le permet pas.": "",
    "Préserver le fichier htaccess racine": "",
    "Lors d\/'une mise à jour automatique, conserve le fichier htaccess de la racine du site.": "",
    "Sauvegarde automatique quotidienne du site": "",
    "Une archive contenant le dossier \/site\/data est copiée dans le dossier \/'site\/backup'. La sauvegarde est conservée pendant 30 jours.<\/p><p>Les fichiers du site ne sont pas sauvegardés automatiquement. Activation recommandée.": "",
    "Site en maintenance": "",
    "Clé de l'API <a href=\"https:\/\/app.screenshotapi.net\/\" target=\"_blank\">ScreenShotApi<\/a>": "",
    "Saisir la clé, puis valider le formulaire avant de cliquer sur le bouton de génération": "",
    "Autoriser les robots à référencer le site": "",
    "Facebook": "",
    "Saisissez votre ID : https:\/\/www.facebook.com\/[ID].": "",
    "Instagram": "",
    "Saisissez votre ID : https:\/\/www.instagram.com\/[ID].": "",
    "Chaîne Youtube": "",
    "ID de la chaîne : https:\/\/www.youtube.com\/channel\/[ID].": "",
    "Youtube": "",
    "Saisissez votre ID Utilisateur : https:\/\/www.youtube.com\/user\/[ID].": "",
    "Twitter": "",
    "Saisissez votre ID : https:\/\/twitter.com\/[ID].": "",
    "Pinterest": "",
    "Saisissez votre ID : https:\/\/pinterest.com\/[ID].": "",
    "Linkedin": "",
    "Saisissez votre ID Linkedin : https:\/\/fr.linkedin.com\/in\/[ID].": "",
    "Github": "",
    "Saisissez votre ID Github : https:\/\/github.com\/[ID].": "",
    "Dévoiler le mot de passe": "",
    "Le survom d'une icône de l'écran de connexion affiche temporairement le mot de passe.": "",
    "Déconnexion automatique": "",
    "Déconnecte les sessions ouvertes précédemment sur d'autres navigateurs ou terminaux. Activation recommandée.": "",
    "Redirection vers la connexion": "",
    "Cette redirection ne concerne que les pages d'administration du site.": "",
    "Limitation des tentatives": "",
    "Blocage après échecs": "",
    "Captcha à la connexion": "",
    "Captcha complexe": "",
    "Option recommandée pour sécuriser la connexion. S'applique à tous les captchas du site. Le captcha simple se limite à une addition de nombres de 0 à 10. Le captcha complexe utilise quatre opérations de nombres de 0 à 20. Activation recommandée.": "",
    "Type de captcha": "",
    "Activer la journalisation": "",
    "Anonymat des adresses IP": "",
    "La règlementation française impose un anonymat de niveau 2": "",
    "Type de proxy": "",
    "Adresse du proxy": "",
    "Port du proxy": "",
    "Activer SMTP": "",
    "Paramètres à utiliser lorsque votre hébergeur ne propose pas la fonctionnalité d'envoi de mail.": "",
    "Adresse SMTP": "",
    "Port SMTP": "",
    "Authentification": "",
    "Nom utilisateur": "",
    "Mot de passe": "",
    "Sécurité": "",
    "Nouvelle page ou barre latérale": "",
    "Editer la page": "",
    "Cloner la page": "",
    "Supprimer la page": "",
    "Thème": "",
    "Gérer les modules": "",
    "Contenu multilangues": "",
    "Configuration": "",
    "Utilisateurs": "",
    "Déconnecter": "",
    "Non": "",
    "Oui": "",
    "Les modifications que vous avez apportées ne seront peut-être pas enregistrées.": "",
    "Mettre à jour ?": "",
    "Se déconnecter ?": "",
    "Format incorrect": "",
    "Confirmez-vous la suppression de cette page ?": "",
    "Editer": "",
    "Supprimer": "",
    "Importer des utilisateurs en masse": "",
    "Ajouter un utilisateur": "",
    "Prénom": "",
    "Nom": "",
    "Pseudo": "",
    "Signature": "",
    "Groupe": "",
    "Impossible de modifier votre propre groupe.": "",
    "Partage de fichiers autorisé": "",
    "Ce membre pourra téléverser ou télécharger des fichiers dans le dossier 'partage' et ses sous-dossiers": "",
    "Identifiant": "",
    "L'identifiant est défini lors de la création du compte, il ne peut pas être modifié.": "",
    "Ancien mot de passe": "",
    "Nouveau mot de passe": "",
    "Confirmation": "",
    "Séparateur": "",
    "Envoyer un message de confirmation": "",
    "Prévenir l'utilisateur par mail": "",
    "Copie de sites inter-langues": "",
    "Titre du site": "",
    "Il apparaît dans la barre de titre et les partages sur les réseaux sociaux.": "",
    "Description du site": "",
    "La description d'une page participe à son référencement, chaque page doit disposer d'une description différente.": "",
    "Accueil du site": "",
    "La première page que vos visiteurs verront.": "",
    "Accès interdit, erreur 403": "",
    "Cette page ne doit pas apparaître dans l'arborescence du menu. Créez une page orpheline.": "",
    "Page inexistante, erreur 404": "",
    "Mentions légales": "",
    "Les mentions légales sont obligatoires en France. Une option du pied de page ajoute un lien discret vers cette page.": "",
    "Recherche dans le site": "",
    "Sélectionnez une page contenant le module 'Recherche'. Une option du pied de page ajoute un lien discret vers cette page.": "",
    "Rechercher": "",
    "Plan du site": "",
    "Cookies": "",
    "Titre de la fenêtre": "",
    "Saisissez le titre de la fenêtre de gestion des cookies.": "",
    "Bouton de validation": "",
    "Cookies Zwii": "",
    "Saisissez le message pour les cookies déposés par ZwiiCMS, nécessaires au fonctionnement et qui ne nécessitent pas de consentement.": "",
    "Lien page des mentions légales.": "",
    "Saisissez le texte du lien vers les mentions légales,la page doit être définie dans la configuration du site.": "",
    "Pages et les modules de": "",
    "Vers": "",
    "Supprimer le module": "",
    "Sauvegarder le module dans le gestionnaire de fichiers": "",
    "Sauvegarder et télécharger le module": "",
    "Installer depuis le catalogue en ligne": "",
    "Installer depuis une archive": "",
    "Mettre à jour le module orphelin": "",
    "Télécharger le module dans le gestionnaire de fichiers": "",
    "Connexion": "",
    "Ajouter une fonte": "",
    "Fonte en ligne": "",
    "Fonte installée": "",
    "Identifiant (sans espace ni majuscule)": "",
    "Famille": "",
    "Url du fichier de fonte": "",
    "Réinitialiser avec le thème par défaut": "",
    "Arrière-plan": "",
    "Couleur visible en l'absence d'une image.<br \/>Le curseur horizontal règle le niveau de transparence.": "",
    "Titres": "",
    "Texte": "",
    "Arrière-plan des champs": "",
    "Couleur visible en l'absence d'une image.<br \/>Le curseur horizontal règle le niveau de transparence. La couleur du texte est automatique.": "",
    "Bordure des champs": "",
    "Bouton Aide": "",
    "Bouton retour": "",
    "Bouton standard": "",
    "Bouton effacement": "",
    "Bouton validation": "",
    "Police du texte": "",
    "Taille": "",
    "Police des titres": "",
    "Réinitialiser la feuille de style": "",
    "Ne pas charger l'exemple de site (utilisateurs avancés)": "",
    "Rester connecté sur ce navigateur": "",
    "Effacer la page": "",
    "Dupliquer la page": "",
    "Titre": "",
    "Titre court": "",
    "Le titre court est affiché dans les menus. Il peut être identique au titre de la page.": "",
    "Titre masqué dans la page": "",
    "Fil d'Ariane dans le titre": "",
    "Affiche le nom de la page parente suivi du nom de la page, le titre ne doit pas être masqué.": "",
    "Position": "",
    "'Ne pas afficher' crée une page orpheline non accessible par le biais des menus.": "",
    "Page parent": "",
    "Emplacement :": "",
    "Le petit accessoire est aligné à droite de la barre de menu, c'est un emplacement réservé aux drapeaux et au bouton de connexion.": "",
    "Page non cliquable": "",
    "Option active en mode déconnecté uniquement, les pages enfants sont visibles et accessibles.": "",
    "S'ouvre dans un nouvel onglet": "",
    "Apparence": "",
    "Sélectionnez une image ou une icône de petite dimension": "",
    "Masquer les pages enfants dans le menu horizontal": "",
    "Masquer la page et les pages enfants dans le menu d'une barre latérale": "",
    "La page est affichée dans un menu horizontal mais pas dans le menu vertical d'une barre latérale.": "",
    "Module": "",
    "En cas de changement de module, les données du module précédent seront supprimées.": "",
    "Position du module": "",
    "En position libre ajoutez le module en plaçant [MODULE] à l'endroit voulu dans votre page.": "",
    "Feuille de style spécifique à la page.": "",
    "Instructions JS ou jquery spécifiques à la page.": "",
    "Gabarits de page \/ Barre latérale": "",
    "Pour définir la page comme barre latérale, choisissez l'option dans la liste.": "",
    "Barre latérale gauche :": "",
    "Barre latérale droite :": "",
    "Contenu du menu vertical": "",
    "Par défaut le menu est affiché APRES le contenu de la page. Pour le positionner à un emplacement précis, insérez [MENU] dans le contenu de la page.": "",
    "Groupe requis pour accéder à la page :": "",
    "Méta-titre": "",
    "Méta-description": "",
    "Module de la page": "",
    "Paramètres de la sauvegarde" : "",
    "Sécurité de la connexion" : "",
    "Journalisation": "",
    "Paramètres" : "",
    "SMTP": "",
    "Archive à restaurer": "",
    "Mise à jour automatisée": "",
    "Capture d'écran Open Graph": "",
    "Référencement": "",
    "Réseaux sociaux": "",
    "Renseignez les champs ci-dessous pour finaliser l'installation.": "",
    "Compte administrateur": "",
    "Options avancées": "",
    "Mise à jour de ZwiiCMS": "",
    "vers ZwiiCMS": "",
    "Afin d'assurer le bon fonctionnement de Zwii, veuillez ne pas fermer cette page avant la fin de l'opération.": "",
    "1/4 : Préparation...": "",
    "2/4 : Téléchargement...": "",
    "3/4 : Installation...": "",
    "4/4 : Configuration...": "",
    "Une erreur est survenue lors de l'étape :": "",
    "Mise à jour terminée avec succès.": "",
    "Notre site est actuellement en maintenance. Nous sommes désolés pour la gêne occasionnée et faisons notre possible pour être rapidement de retour.": "",
    "Installer les données d'un module": "",
    "Sauvegarde": "",
    "Modules orphelins": "",
    "Modules configurés": "",
    "Modules installés": "",
    "Données des modules": "",
    "Version n°": "",
    "Du": "",
    "Auteur :": "",
    "Licence :": "",
    "Installer ou mettre à jour un module téléchargé": "",
    "Couleurs": "",
    "Mise en forme du texte": "",
    "Image": "",
    "Identité de la fonte": "",
    "Disposition": "",
    "Contenu personnalisé": "",
    "Informations": "",
    "Mise en forme du titre": "",
    "Papier peint": "",
    "Largeur de l'image :": "",
    "Hauteur de l'image :": "",
    "largeur du site": "",
    "Ratio :": "",
    "largeur de site :": "",
    "Installer un thème archivé (site ou administration)": "",
    "Sauvegarde du thème dans le": "",
    "gestionnaire de fichiers": "",
    "Télécharger le thème": "",
    "Contenu": "",
    "Mise en forme des titres": "",
    "Copie des traductions rédigées": "",
    "Traduite ZwiiCMS": "",
    "Traduction du contenu": "",
    "Identité": "",
    "Authentification": "",
    "Permissions :": "",
    "Accès aux pages privées": "",
    "Ajout / Édition / Suppression de fichiers": "",
    "Administration complète du site": "",
    "Importation de fichier plat CSV": "",
    "Confirmer  la suppression de cet utilisateur": "",
    "Sauvegarde générée avec succès.": "",
    "Erreur : sauvegarde non générée !": "",
    "Sauvegarder": "",
    "La sauvegarde des fichiers peut prendre du temps. Continuer ?": "",
    "Supprimer toutes les sauvegardes automatiques ?": "",
    "Préparation de la mise à jour": "",
    "Téléchargement et validation de l'archive": "",
    "Installation": "",
    "Configuration": "",
    "Confirmer la suppression de la page": "",
    "Confirmer la suppression des données du module": "",
    "Ne pas afficher": "",
    "Au début": "",
    "Après": "",
    "Confirmer la désinstallation du module": "",
    "Confirmer la dissociation du module de cette page": "",
    "Sauvegarder les données du site": "",
    "Restaurer les données du site": "",
    "Vider dossier sauvegardes auto": "",
    "Copier sauvegardes auto": "",
    "Réinstaller": "", 
    "Script dans head": "", 
    "Script dans body": "", 
    "Générer une capture Open Graph": "", 
    "Générer sitemap.xml et robots.txt": "",
    "Télécharger la liste": "",
    "Réinitialiser la liste": "",
    "Télécharger le journal": "", 
    "Réinitialiser le journal": "", 
    "Fond du sous-menu": "", 
    "Liens": "", 
    "Arrière-plan des blocs": "", 
    "Bordure des blocs": "", 
    "Boutons": "", 
    "Thème du site": "", 
    "Thème de l'administration": "", 
    "Appliquer": "", 
    "Enregistrer": "",
    "Éditeur CSS": "", 
    "Éditeur JS": "",
    "Accueil": "",
    "Aide": "",
    "Fontes": "", 
    "Gestion": "", 
    "Administration": ""
}